{"cameraMode":{"drawMode":0,"name":"Shaded","section":"Shading Mode"},"sceneLighting":false,"audioPlay":false,"sceneViewState":{"showFog":true,"showMaterialUpdate":false,"showSkybox":false,"showFlares":true,"showImageEffects":true,"showParticleSystems":true,"showVisualEffectGraphs":true,"m_FxEnabled":true},"in2DMode":false,"pivot":{"x":125.18499755859375,"y":114.42302703857422,"z":2.614917755126953},"rotation":{"x":0.007801099680364132,"y":-0.004504831973463297,"z":-0.000028154932806501165,"w":-0.9999790191650391},"size":156.93011474609376,"orthographic":true}