{"cameraMode":{"drawMode":0,"name":"Shaded","section":"Shading Mode"},"sceneLighting":false,"audioPlay":false,"sceneViewState":{"showFog":true,"showMaterialUpdate":false,"showSkybox":false,"showFlares":true,"showImageEffects":true,"showParticleSystems":true},"in2DMode":false,"pivot":{"x":-1.8400003910064698,"y":0.721359372138977,"z":-0.037569135427474979},"rotation":{"x":0.0595618411898613,"y":-0.058063529431819919,"z":0.003470841096714139,"w":0.9965319037437439},"size":2.6309926509857179,"orthographic":true}