{"cameraMode":{"drawMode":0,"name":"Shaded","section":"Shading Mode"},"sceneLighting":false,"audioPlay":false,"sceneViewState":{"showFog":true,"showMaterialUpdate":false,"showSkybox":false,"showFlares":true,"showImageEffects":true,"showParticleSystems":true},"in2DMode":false,"pivot":{"x":-15.750434875488282,"y":-2.1474802494049074,"z":4.733996391296387},"rotation":{"x":-0.00041360125760547817,"y":-0.9995471239089966,"z":-0.027592912316322328,"w":0.013790090568363667},"size":46.17544174194336,"orthographic":true}