{"cameraMode":{"drawMode":0,"name":"Shaded","section":"Shading Mode"},"sceneLighting":false,"audioPlay":false,"sceneViewState":{"showFog":true,"showMaterialUpdate":false,"showSkybox":false,"showFlares":true,"showImageEffects":true,"showParticleSystems":true},"in2DMode":false,"pivot":{"x":-9.497203826904297,"y":3.7230467796325685,"z":15.781807899475098},"rotation":{"x":-0.04630129039287567,"y":0.9493495225906372,"z":0.26151350140571597,"w":0.16804543137550355},"size":28.28602409362793,"orthographic":true}