{"cameraMode":{"drawMode":0,"name":"Shaded","section":"Shading Mode"},"sceneLighting":true,"audioPlay":false,"sceneViewState":{"showFog":true,"showMaterialUpdate":false,"showSkybox":true,"showFlares":true,"showImageEffects":true,"showParticleSystems":true},"in2DMode":false,"pivot":{"x":-9.629966735839844,"y":6.8486328125,"z":8.511667251586914},"rotation":{"x":-0.708579957485199,"y":0.0388670414686203,"z":-0.03915911912918091,"w":-0.7034861445426941},"size":10.449999809265137,"orthographic":true}