{"cameraMode":{"drawMode":0,"name":"Shaded","section":"Shading Mode"},"sceneLighting":false,"audioPlay":false,"sceneViewState":{"showFog":true,"showMaterialUpdate":false,"showSkybox":false,"showFlares":true,"showImageEffects":true,"showParticleSystems":true},"in2DMode":false,"pivot":{"x":0.27123987674713137,"y":4.849658012390137,"z":-0.4328526258468628},"rotation":{"x":0.021295027807354928,"y":0.011698028072714806,"z":-0.0002565557661000639,"w":0.9997126460075378},"size":1.8055438995361329,"orthographic":true}