{"cameraMode":{"drawMode":0,"name":"Shaded","section":"Shading Mode"},"sceneLighting":false,"audioPlay":false,"sceneViewState":{"showFog":true,"showMaterialUpdate":false,"showSkybox":false,"showFlares":true,"showImageEffects":true,"showParticleSystems":true},"in2DMode":false,"pivot":{"x":-8.838512420654297,"y":0.503402590751648,"z":0.0032143890857696535},"rotation":{"x":0.021295027807354928,"y":0.011698028072714806,"z":-0.0002565557661000639,"w":0.9997126460075378},"size":1.5151509046554566,"orthographic":true}